trial,value,max_depth,learning_rate,n_estimators,subsample,colsample_bytree,min_child_weight,reg_lambda,reg_alpha,gamma
0,0.5171013337538323,4,0.2536999076681772,713,0.8394633936788146,0.4936111842654619,4,0.1360354613611808,1.599409170128044,3.005575058716044
1,0.5623759291247304,6,0.010725209743171996,879,0.9329770563201687,0.5274034664069657,4,0.26425260575499165,0.01334697757417809,2.6237821581611893
2,0.5579188224143535,5,0.02692655251486473,628,0.6557975442608167,0.5752867891211308,8,1.120548642504815,0.8023102291340046,0.9983689107917987
3,0.5595760857609323,5,0.07500118950416987,232,0.8430179407605753,0.502314474212375,2,15.255065745117381,3.7311604524743114,4.041986740582305
4,0.5631318720911458,4,0.013940346079873234,679,0.7760609974958406,0.47322294090686734,10,0.11998556988857204,2.3096644596472733,1.2938999080000846
5,0.5613750563896653,6,0.028869220380495747,564,0.8186841117373118,0.5109126733153162,20,6.0758057027616355,2.9866092370009407,4.474136752138244
6,0.5151471409367538,6,0.22999586428143728,262,0.6783931449676581,0.4271363733463229,7,0.7840758945457351,0.010085836630992925,4.143687545759647
7,0.5611272553559402,4,0.026000059117302653,580,0.6563696899899051,0.8813181884524238,2,18.65762858779244,0.7186380986530762,0.993578407670862
8,0.5427493431263103,2,0.1601531217136121,695,0.8916028672163949,0.8627622080115674,2,0.6680983417211186,0.002682848665467022,4.315517129377968
9,0.5628102939146683,6,0.030816017044468066,244,0.7243929286862649,0.5951099932160482,15,2.931155546232916,1.9132570498012023,2.3610746258097466
10,0.5551140308616375,2,0.02629672855403165,744,0.8389810263561684,0.4513808301833317,7,0.10428487559461945,0.0035927442007211625,1.23035900227597
11,0.5629377665238339,4,0.017858244015071405,739,0.6726747813917328,0.4957586407131384,17,0.13137908670262807,4.184349844693079,2.578869795449171
12,0.5599463653750569,5,0.02104554184060529,652,0.7247162783500926,0.4470194166175819,19,0.17235909361788765,0.3671139741689317,3.10554627169167
13,0.5606125481113181,5,0.0240987327486555,589,0.7599119573417611,0.6956457003594232,14,0.1697742823068625,0.4314985859192861,2.831847894965933
14,0.5649132332322327,4,0.011193642009978695,615,0.8491092933845441,0.5919574054749813,9,0.34662313780438136,1.9072352827902808,0.7745036576778986
15,0.5598450898442041,5,0.028293732109559575,474,0.8306381960737388,0.5711021216520088,10,0.11114428251486552,0.7163275456751672,0.9697321228473661
16,0.5661596318732721,4,0.010090221274856283,565,0.8292673904767153,0.5788114026655772,6,0.2214281147582313,1.3765470879541515,0.9029892447128747
17,0.5629999639397713,5,0.016768829713211364,598,0.8863055169439656,0.7074179516271423,3,0.5995214825995644,1.7940415195628951,1.1517264909946014
18,0.5648136852593032,4,0.010849735422820913,533,0.8511670209853103,0.5879655674819455,12,0.6477640484345455,0.854822559223509,1.2458112484511934
19,0.5653713828790458,5,0.01041942372526895,691,0.8608247476054708,0.6310128121146678,5,0.37307436888120155,0.4508208178782654,0.6923491061136285
20,0.5625236799321486,4,0.015198962394704623,653,0.7333498104555589,0.6144105571375595,3,0.11903667357233302,1.0807020653556443,0.5503201740317943
21,0.5657889739000824,4,0.01021331230692213,883,0.8725036287194634,0.6040504588659943,3,0.31701339290551817,1.1616877761682365,1.0416194445270768
22,0.5603875133191903,3,0.023408431413495173,652,0.8776023607370796,0.5526458564343131,4,0.243156376077298,0.3174957010861139,0.8650355676511632
23,0.5638343527685677,4,0.011511037521343765,863,0.7985881815407246,0.5519300289754597,4,0.5095364639224064,0.47459056271745265,0.922433614638931
24,0.558013336221851,5,0.020675285618409332,894,0.914585632889502,0.5330255167429808,3,0.16152840806814225,0.31877476149503886,1.0385794442885854
25,0.5642191100484365,5,0.014149803255963767,696,0.8953294179804316,0.5021495231944886,6,0.21871097909496415,2.546839804846224,0.10272387020886597
26,0.5622777042505249,3,0.011111505383335921,850,0.886573905987131,0.6823978652785583,5,0.1884660195190538,2.3781394675568324,1.1945589065822177
27,0.5619113470412125,3,0.0171712778227624,781,0.8834063762900228,0.6107577431547416,5,0.29721471900743457,1.316499802652507,0.05787250568978464
28,0.5555308446010581,2,0.013756840571786205,559,0.8578261781242202,0.6192213510829313,7,0.37252972444441235,0.6355799269904545,1.1467063665067814
29,0.5605840432420949,5,0.022413896808446507,624,0.8674585484383615,0.6570769965915096,2,0.3917800339098905,0.2885224688564497,0.5214813440208363
30,0.565289393438105,4,0.010747024726310086,749,0.9567957969164125,0.5137952055315745,4,0.21148462007265653,0.5089517149214083,0.29160868667768336
31,0.5612405347771438,5,0.015615423185644291,833,0.8600348672189033,0.7038244567695052,4,0.2804372213261391,1.139931188899981,0.9024889802562596
32,0.5653304466971241,4,0.011955505714938124,536,0.8604391334498119,0.6974993982153823,5,0.18255182827561908,0.31764715286367096,0.7940389825168461
33,0.5665903210986164,5,0.012457658197548217,618,0.8473817650651498,0.5032565686383319,2,0.2577188712315621,1.724522846716389,1.2363719244523845
34,0.5637510139935848,4,0.01924145136730836,695,0.8661871311622757,0.5365567830326298,3,0.14908202969967055,1.8473462141558263,1.353759232523053
35,0.5643005774502695,4,0.01289450553230353,673,0.8939645637339253,0.65837204838885,4,0.2890032036231318,0.21141818566049322,0.3438169762594002
36,0.5614663302198671,3,0.015567395505261917,672,0.871352619551299,0.6081925954171755,5,0.12118637482359662,0.9499914393675042,1.0786648532969052
37,0.5630536551844217,5,0.013486531682766402,767,0.8949931298364165,0.5583489691870916,3,0.4404049419774071,2.0029513675830715,0.8978583786342289
38,0.5654114657583067,5,0.012367654676114915,633,0.8378110135218529,0.471915565417779,1,0.17567249707664104,3.223366913105596,2.0366032856028546
39,0.5652749992319609,5,0.010203491882095697,638,0.844220928903296,0.5496417409081605,4,0.2785659014492253,0.5349247093553499,1.9586504989352012
40,0.5649937833628333,4,0.011232894487912906,563,0.790084556356829,0.6257944226920247,8,0.2646256582366878,1.5413158285401587,0.7247533691180883
41,0.5647624301610451,4,0.013651090229030854,677,0.8263116412755129,0.6063868338846512,5,0.2616871462202771,0.7864722331848436,0.33236897874766247
42,0.564388652600266,4,0.010670832231764654,785,0.8768903474765749,0.616536962720056,2,0.24175277051162888,0.5714961350135906,1.0456168432874098
43,0.5638106801620887,6,0.012080197843426921,659,0.8304512958239546,0.4112723445392246,2,0.22975658217315673,2.528231015488495,2.0606013010381234
44,0.5652749133261371,5,0.014101366675942436,580,0.8130664578629122,0.46197711059861385,4,0.20395481445693792,3.254345090232827,2.5386168943835368
45,0.5604073276617658,5,0.021531437765240597,673,0.8059464504183602,0.5227599584396703,2,0.1935638811149169,3.871618877527864,1.9154032179500546
46,0.5657598287111892,4,0.01154715630801214,632,0.848540427312905,0.5001261914231401,3,0.23622043708601698,0.5471186799962497,0.7984894612986584
47,0.564705143944764,4,0.013474143268131362,708,0.811498842386333,0.4900312488913994,2,0.24829776387078167,0.40774913078668523,0.9219494833753469
48,0.564389942278285,4,0.016244794632129463,613,0.8781746681004962,0.4932076213574575,2,0.32181972937267983,4.098299963264207,1.3751076671904765
49,0.5656221166216048,5,0.012805355102173276,566,0.8582262838119931,0.42167539540960464,1,0.3579341724108211,1.2532238503519681,1.1356902077283795
50,0.5638938999048148,6,0.011558080080623163,615,0.8521088058847701,0.4430133458532144,2,0.23982847156920264,0.3688179431828409,0.643336718313732
51,0.5632118874616737,6,0.014145616158988817,578,0.8506641798237868,0.4988897640983442,3,0.3547652230341973,3.483059177073765,1.737348321252517
52,0.5660267493012902,4,0.011130346921601234,528,0.8332598040105286,0.47519081123683243,3,0.1709648173123359,1.7072389743101244,1.1163632406251176
53,0.5651822736527726,5,0.011308943461484079,663,0.8578251335300551,0.5989716914401659,2,0.11229975606708212,1.1882334451898382,0.7398163753312125
54,0.5650280238159519,4,0.012261197746391714,593,0.8702704846893933,0.47431483725325635,4,0.1420592429517637,0.8442849445755751,1.0147666894261484
55,0.5650089400832047,4,0.01274613408826832,461,0.8282546632518377,0.46841411948833767,4,0.2132310126426772,4.041860433473996,1.4797405684098672
56,0.5648511725427042,4,0.01203989299033849,589,0.807025901217741,0.5099336461703188,1,0.28311302967591034,4.109073433662599,1.19435008072658
57,0.5644172689118667,5,0.014090776318967251,558,0.9076649253577256,0.5630495135875611,2,0.3055959929447626,0.6682859914952944,0.6244141747981335
58,0.562842379774502,3,0.011249130562445173,528,0.8041008087586544,0.5118244736830488,5,0.16809983556486113,0.6305107009198424,1.4239224368890375
59,0.5653818349479215,4,0.011904620831049345,646,0.9166317303734016,0.5109427411220737,2,0.16944763663347978,3.6518536451858563,1.5028993268270092
60,0.5651166012285099,5,0.015240268771450552,623,0.8117564532849915,0.4735883742011199,5,0.2472785372512877,1.7094077310273894,1.0907249367512524
61,0.5652216270384013,4,0.010957820921553622,515,0.8609716645011303,0.4926831813657404,3,0.18808651652535285,4.350878673221272,0.8993601330544687
62,0.5642477063095755,5,0.015425141855894792,547,0.8767303050772393,0.40594997572021835,1,0.4773256483781935,1.019854172888134,0.7985128264785664
63,0.5651363442889944,4,0.01001998683256445,515,0.819768565926348,0.5030756616805165,2,0.24579564330628037,2.384931624535325,1.6090178102279489
64,0.5649843708219929,5,0.013548399346763924,576,0.9041702454498558,0.43923402980738235,2,0.32887051865313055,1.4697434929861433,0.7014316885497278
65,0.5652985663480211,4,0.012342684919195318,567,0.822905838121793,0.4637712457881301,5,0.16620723577458635,1.3169115495451074,1.4532333804296913
66,0.5655334303372029,5,0.011842647151259088,617,0.8702698325596412,0.5209888250912041,3,0.32762303544762755,1.0042423328995709,0.6904333412676119
67,0.5662733179823226,5,0.011559151009579988,546,0.8715882118290099,0.44409520163270355,2,0.4692191940815184,0.6921074247436192,1.4755655678474835
68,0.5654324446404202,5,0.013367035694643935,531,0.8740314373958494,0.47276277723078636,1,0.4834927150385334,0.7008077688458152,0.8014021689396487
69,0.5641722228508893,5,0.014370300254972587,560,0.8238259949133591,0.4975431638974383,1,0.5194471111943053,0.9565124150626015,1.0909536552073478
70,0.5652614925347853,5,0.013956155239726398,566,0.8706743464239383,0.40604944409123406,1,0.8340527789034266,2.687666954070731,0.9514805882143781
71,0.5660212831468397,4,0.01075819069438356,535,0.8734253116191341,0.4903916667327815,3,0.17618836661712042,1.4866691222862323,0.6975793860137862
72,0.5640873351125165,6,0.010850774644690869,627,0.850050503196918,0.41182616447194265,1,0.19520534234822748,1.0449981362773864,1.4946495661682628
73,0.5660042172235223,5,0.011998129918279615,503,0.8551708365276555,0.47528142693031517,2,0.2194684837321221,0.8622918897698135,0.6758171801375625
74,0.5654216460603934,5,0.013948672745149299,539,0.8876422084257761,0.46684351932399515,3,0.172899259739434,2.85652539331997,0.9600273648253698
75,0.5655057887218783,5,0.01123077785851219,586,0.8710160076572842,0.4984369985736408,3,0.16295372553186985,0.6065466532908522,0.44464135757562345
76,0.5648003544144525,4,0.016507933843108922,554,0.8266943739592263,0.4705193017320518,4,0.21416011964413478,0.7079062734020042,0.48559458004044986
77,0.5650880275484087,5,0.01477702202335532,543,0.8476439774837912,0.5065426085988605,2,0.40073474416940164,1.1112720457515874,1.5705909525291406
78,0.5654239978745541,4,0.01437574664984034,544,0.8435780980455826,0.43156720056320685,2,0.18363638194832985,0.6740838108971009,0.7349140580861226
79,0.5656118780066892,5,0.012260440315310742,481,0.87681224910046,0.5160589587843897,3,0.24907494228501278,0.888716478002496,0.8174886395872455
80,0.5656626042042352,4,0.012984391601977823,561,0.9055033898962113,0.5058285716633966,1,0.29815091806393834,0.7820919383354556,0.978671858580276
81,0.5664182932267042,5,0.010990579278775165,480,0.8517076356774783,0.4666303594649809,2,0.37103462222326017,0.8604923815947122,1.2811007280281423
82,0.5663072265028711,5,0.010978104417555302,477,0.8701744298270121,0.5044197142456457,2,0.225892402035317,0.6843459367793977,0.3105588929950719
83,0.5659383800389777,4,0.01112054465369825,560,0.8903591083889623,0.48796299525142306,2,0.3111507896824781,2.0519505684277,1.0760076688512503
84,0.5659383644108781,5,0.010050118309149739,476,0.855314947719366,0.44123151964516083,2,0.18272047696909835,0.6944815684320359,1.0244297536249574
85,0.5651268356626806,5,0.013416718776317725,556,0.846130847244302,0.47063132297081006,3,0.3031199906174519,1.267306987865069,1.1531989718078262
86,0.5660663882681404,5,0.01169639654805759,570,0.8356983956175592,0.5227992896253596,2,0.23953763571454703,0.8960462467306903,0.5383746255623522
87,0.5668457031062402,5,0.010813522272002983,433,0.8457924499616802,0.4676784382561815,2,0.22281012093821695,0.5042194496293961,0.9232131202609706
88,0.5655043946825676,4,0.01330169444839916,485,0.8409927778677412,0.45840152747587387,3,0.22713781522361579,0.46888424255686373,1.288216063307753
89,0.5658151147725605,4,0.010825685852004838,512,0.8524050706659061,0.48845389243782555,1,0.35419767086811366,1.3663012794137146,1.1441076224058806
90,0.5643763141997061,5,0.01493634461186575,516,0.8660734955298904,0.5112653610292068,3,0.2514138343330883,0.6120752967177561,0.03406738010231675
91,0.5646445799497469,5,0.013204347971873278,517,0.888174260321952,0.4470449143385709,1,0.37452731840832704,1.0193253280575565,0.9874153385290485
92,0.5662087554144487,5,0.01011518644387368,508,0.8562617316487171,0.4756462133246815,2,0.2848512827231111,0.9035044140116125,1.1466658660719096
93,0.566534456368439,5,0.0114746770504977,491,0.8388708045366935,0.501078779442963,4,0.22083573001462703,0.5807113855033108,0.8418711661177722
94,0.5653090305229743,6,0.01116515924858072,469,0.8444141414385458,0.49272597181012795,2,0.21410598765492628,0.6820730583870468,1.0064821356224918
95,0.5662523134313683,5,0.010767211623840865,521,0.8381791120490639,0.5499691935328035,2,0.2832942015411216,0.6993114813793685,1.157399750556829
96,0.5656635570620859,5,0.012814450565295142,502,0.829238580242642,0.4511765471720682,3,0.3248544168911955,0.9122593921209761,1.0081169382168258
97,0.5671134118420448,5,0.012200546876198851,457,0.8580702300190309,0.4935360379090283,2,0.5386340703549012,0.6447754745013468,1.2982842528660328
98,0.566547997226425,5,0.010490399308870723,505,0.8436917953571745,0.5282541557814824,4,0.23289467009049053,1.0929494669699857,1.3901663940328677
99,0.5659477333043134,5,0.011235446743679761,513,0.8633202852548023,0.42064228897029954,1,0.4712837678263004,1.4110881889083726,1.150757732877991
