trial,value,num_leaves,max_depth,learning_rate,n_estimators,subsample,colsample_bytree,min_child_samples,reg_lambda,reg_alpha
0,0.526442318544574,65,12,0.1205712628744377,619,0.6624074561769746,0.49359671220172163,16,5.314343038625026,0.16730402817820234
1,0.5145876881941956,111,3,0.2708160864249968,783,0.6849356442713105,0.5090949803242604,30,0.02034955951308026,0.08730885649333642
2,0.5515889493679783,73,5,0.08012737503998542,297,0.7168578594140873,0.619817105976215,60,2.382678038197034,0.005477562363971304
3,0.5629143624434363,84,8,0.011711509955524094,625,0.6682096494749166,0.43903095579116774,115,14.230243744913723,0.9777718780862645
4,0.5497882505659629,56,3,0.1024932221692416,508,0.6488152939379115,0.6971061460667621,13,8.14731157122018,0.009061902594114376
5,0.5456545641931131,105,6,0.05864129169696527,583,0.6739417822102108,0.9817507766587351,96,10.985330528057915,2.0414536703077757
6,0.5585797693898987,96,12,0.01351182947645082,337,0.6180909155642152,0.5951981984579586,53,0.014691979880907806,1.1627201204016835
7,0.5556707954295191,63,5,0.06333268775321843,298,0.9208787923016158,0.44473038620786254,119,2.0962733672452414,0.005433045540798127
8,0.5325420477210919,15,11,0.11069143219393454,711,0.9085081386743783,0.44442679104045424,49,0.0031503318255412553,1.5580940996926465
9,0.56200919869091,99,6,0.012413189635294229,417,0.7300733288106989,0.8377637070028385,80,6.545285853960302,0.05580959150991868
10,0.5641620221275185,99,4,0.015123169217027835,484,0.6691287979704198,0.41787334962053924,85,0.39344869842625,1.248629681028921
11,0.5576040806785806,71,9,0.022818763061378977,402,0.6587788701201768,0.5200583833064462,105,0.7279344788647566,1.1091706215569292
12,0.563260417420902,92,3,0.012245565341557296,633,0.7753882975251223,0.4054545844572315,50,0.9157404371841047,0.8305222733296027
13,0.5578977103085064,89,3,0.0318149727980829,534,0.6026616604170725,0.46999907249661677,112,0.3146686601560057,3.106914250546009
14,0.5621647287139907,88,3,0.014039803051718112,459,0.7671668017741039,0.5606358859611063,77,0.677224211626735,1.5246862195768611
15,0.5629190401843293,97,4,0.017449532014048842,746,0.681264699031721,0.4449339501181028,58,2.115484391032588,2.491557849502977
16,0.5586842192274716,92,3,0.030712683047534082,575,0.7554345288668652,0.47311425747034336,48,0.29504949497037974,0.38916580171545706
17,0.561705900605381,123,3,0.017410109082632654,562,0.8659281648098628,0.41201132771759974,89,0.7527308201773669,2.4662074251022066
18,0.5626077024109613,121,3,0.010435591271287532,519,0.7585607603230986,0.5124017219687976,110,4.833858728283988,0.367333411952797
19,0.5628429171448412,109,3,0.018414992732965083,328,0.6791299266268416,0.42144887653498053,66,2.4147740892665666,1.0034565979523098
20,0.5643044093183727,113,4,0.013634769565215867,328,0.6370714862692389,0.5186176920450453,80,0.009550668894467571,1.0309415488964988
21,0.5628949456025,79,4,0.016935137389752716,214,0.6092451257332133,0.45012101449578296,86,0.047762811364406965,1.6799837073767117
22,0.5632175318464201,110,6,0.01118492197600243,517,0.6213066976437573,0.451675345766642,80,10.579271086488658,0.32131996805910745
23,0.5634929720950921,134,3,0.015251753561669757,334,0.6268238769832414,0.4925114650672027,69,0.07587781133557976,0.4358069684299838
24,0.5622774755428188,125,3,0.013660704447653977,301,0.6811614799462173,0.6092441275862541,81,0.017144550598714843,1.4440821033682307
25,0.5610941689395962,139,4,0.012787384233872377,236,0.6459524251736617,0.4518441906483465,100,0.018748432477594976,3.562803352463609
26,0.5618989949010985,140,3,0.01884229046297927,385,0.680649133911294,0.5895534680978362,45,0.014832754922163264,1.4652449577417386
27,0.5632931113121732,123,4,0.011236927967708098,403,0.6389808029630624,0.44924691158530655,93,0.12068323770982749,0.5140037409893825
28,0.5636067328102893,121,4,0.011936395704705971,337,0.6020872859193491,0.5537619015500482,64,0.14560814196520444,0.2689337258714541
29,0.5622360796806097,105,6,0.013455050125233086,252,0.6786689307414079,0.5628066548463128,77,0.015383830810359461,0.5455681799592371
30,0.5635942962877383,137,5,0.014276991463580697,295,0.6467844720225798,0.5697445232319935,63,0.04695814241324569,0.5879452036050133
31,0.5629168089574211,129,4,0.014851384655607591,252,0.604677885820147,0.6233530359526698,77,0.08365731647253552,0.38001445511151194
32,0.5628860417290283,94,4,0.010132264768508682,367,0.6091095870472817,0.5391467982171032,75,0.027673347615574183,0.7409746792391464
33,0.5624064370606472,137,4,0.010615711744277384,323,0.641138469964408,0.43021017737784506,48,0.06187069381695322,0.06315236188608457
34,0.564960315028254,110,5,0.013716882394061955,322,0.6027133627000372,0.50127314909233,64,0.02773983725582202,4.448860840435168
35,0.5649816512850846,104,4,0.015567482014986886,414,0.6335644085189769,0.544492446584567,53,0.14347199570983876,0.7765886358703217
36,0.5646803732479747,106,4,0.016950306421683044,475,0.6682578122697723,0.4746894622853707,68,0.4114391746527908,3.8509824258993866
37,0.5651528072346979,109,5,0.013296457657945765,413,0.6293791299537997,0.45277496743600854,70,0.0064860898058635525,1.7623154289494862
38,0.564885509231906,91,4,0.015477399329949841,425,0.6773530899601258,0.4619045933644982,43,0.7539095410263013,2.3919375257507176
39,0.562809982101384,107,5,0.01173890770957019,326,0.6965755087453549,0.46864369763476,76,0.02345291713626576,1.6117695519489528
40,0.5654462534500059,109,4,0.014047243972849085,397,0.6245029064755627,0.5595925676369506,61,0.0273511159455852,2.5376210857765544
41,0.5661734767403137,110,4,0.013653428773360891,415,0.6042877235469927,0.5022178990056269,56,0.004370204458998168,3.6525304926569206
42,0.564673295375106,127,4,0.011834030325421671,378,0.6114702986392976,0.4607509757342224,49,0.02696774063003805,3.4212750179909612
43,0.5637979108284799,85,5,0.015146589664601242,428,0.6192722927175072,0.47704480862033316,50,0.01114134959903086,1.286627554932371
44,0.5645274835955701,99,4,0.020656449335351025,467,0.6257947804160815,0.4796821562822747,51,0.0049415521097918155,3.358228680128456
45,0.5652190709810713,117,5,0.015129455194781899,410,0.6222455168110897,0.5457765208148626,49,0.00444210092892745,3.9510655269886983
46,0.5636554287569301,106,4,0.015396808606396924,351,0.6430709339806413,0.41098985476628286,54,0.003248158429456362,1.5794027710439933
47,0.5635813020608508,109,5,0.019156358286204163,361,0.630844736601302,0.6020357122726075,55,0.012237876735305778,2.3284559629875003
48,0.5655450404318917,111,4,0.012202058248358029,405,0.669675054922923,0.5142347452565905,46,0.012212834311718301,4.165393559950766
49,0.5634529421347879,110,6,0.012656735247614492,296,0.6737394297726886,0.5577547348964287,44,0.012769725666779317,4.901452929715568
50,0.56541053666876,124,4,0.01337653738876742,456,0.6355603896243288,0.5830930975947726,62,0.029230470560498836,2.9111566026535733
51,0.564641661455974,102,4,0.01903245166947376,412,0.6375752204377062,0.4979464871002116,72,0.008335601776002288,4.1285850361724075
52,0.5628292567150445,108,5,0.01807726912194195,427,0.6684467117475598,0.5597024364740445,61,0.01856160949981071,1.782345875971734
53,0.5650826099451761,108,4,0.012784863910818166,476,0.6386741076794192,0.4697072040810327,47,0.035579250774337545,2.8654932436191625
54,0.5638871672654167,118,5,0.012150836532444647,338,0.628237933843617,0.49379781357533653,72,0.0043677353411610215,1.9505345450170075
55,0.5640309789873684,110,4,0.018591893625814596,473,0.6468125264322538,0.5578167038327767,66,0.032540283574910144,4.39913624051198
56,0.5653483873627061,135,4,0.0138014516056833,428,0.6060287468335047,0.5752156879521811,60,0.003478856523093284,4.332892050677092
57,0.5647603220251513,117,5,0.015161274032521797,393,0.6141827462821431,0.6050510121653639,62,0.0065921674216463805,4.066066644312818
58,0.5627370946534944,113,3,0.010446692215370897,410,0.6515253899848055,0.5710437663072978,58,0.010835026396075795,4.965746963176705
59,0.5630470912578421,134,3,0.012485281628750941,356,0.6380268356719634,0.5749534384623632,68,0.005404121526080114,1.7162422871795995
60,0.5654387754732794,136,4,0.014661795351985113,452,0.6146254910100568,0.5491261974648122,73,0.002181114527741768,3.2655960627699883
61,0.5642816343296266,128,4,0.014372269463233112,432,0.6098284675931784,0.5319697082452401,83,0.0017256948042770632,1.7095668567900997
62,0.5646925924981688,126,4,0.017419949641044312,406,0.6108209329330611,0.5293996506966977,51,0.003679288941204681,3.020431292355991
63,0.5644131438792006,136,5,0.019052549777350627,357,0.6336820890025191,0.5330537058455206,65,0.004113459962553616,4.2032056707961845
64,0.5653754647949056,134,4,0.012031590045140629,421,0.6675611558122514,0.5533368330111873,64,0.0035466986031331897,2.9485862597862114
65,0.5639414923411593,126,4,0.010157125315017012,400,0.6597713399415687,0.48632762774311156,64,0.0015806182674830927,2.508514188762922
66,0.5647373610500456,129,4,0.013785850406809061,420,0.6479194261172971,0.5917047019948316,75,0.006791266678490886,3.5643299190352096
67,0.565566063708745,112,4,0.013191903353459681,423,0.6076018060019432,0.5302808158659521,66,0.001306158362046422,2.8335363250259125
68,0.5657173406081911,112,4,0.012789141435403063,495,0.67039642256051,0.4838339824885756,67,0.0016887749604808568,1.5979992062420774
69,0.5644410261286864,116,5,0.010817508882298469,475,0.6633906503466571,0.5057792051598735,64,0.028691201680917988,2.631028120790524
70,0.5652535791329022,111,4,0.013889865439584457,397,0.6532440446694405,0.5376585332280726,64,0.0050713671146640936,1.6692219704294355
71,0.5636984222972485,131,4,0.01599145839956857,521,0.6128349510434403,0.5353152024276432,65,0.0021890314927082407,1.6574441839569676
72,0.5658144179517407,108,4,0.011455793187096134,468,0.6353486003321116,0.49949366280656177,49,0.004718543459402501,1.4842093105335694
73,0.5625411895758522,122,3,0.011994574210583534,447,0.6310315388532549,0.5826834334172514,65,0.0014887245752127352,1.7942779382643124
74,0.5639076098376256,116,4,0.016955900069231283,485,0.6379187493145135,0.5598903040779661,74,0.0016314042676421699,3.197292427088485
75,0.564686423823266,115,5,0.011018720878325674,434,0.6081151646506111,0.5051995647669368,63,0.008778936436376908,2.931827164021129
76,0.5654107171300664,113,4,0.015372260631520997,398,0.6074171646321445,0.5074205463442545,59,0.0042822395404762655,4.901313303482824
77,0.5637216701727095,93,4,0.01890279328049029,458,0.6300849404149742,0.4921976360396376,60,0.0022152471474291384,3.101485632054957
78,0.5636719502851081,109,3,0.014416624687706058,394,0.6356814569842482,0.46896578442469256,61,0.002206727298489097,1.8048242305811575
79,0.5644607794593787,121,4,0.015197533738671666,386,0.6042853685233278,0.5133936277335143,78,0.0022498913899763498,3.8652300259529375
80,0.5628233057818749,123,3,0.012033625718371365,458,0.605733669247792,0.525279386867346,55,0.006166376105583038,4.272077057860119
81,0.5649652597525648,109,4,0.012139737317124928,376,0.6088569544569432,0.4800547710729338,60,0.004996022182298968,4.160434718025055
82,0.5641744466774802,111,4,0.010041768839328315,390,0.6517662356231084,0.5424930436137058,45,0.006187352252898159,3.858452857869023
83,0.5656947737521169,122,4,0.013367898547979132,487,0.6224704287888281,0.5250082673436153,63,0.005841431677445777,4.865003506992432
84,0.5641793261265784,115,5,0.013925026727075728,472,0.6449223003734902,0.5160761272428498,74,0.0014132488089304784,2.8578750758831313
85,0.5628439336277604,119,3,0.011272335355539558,469,0.6053281741365009,0.5244797135275747,60,0.0023165352330418994,3.0206301475163015
86,0.5654243239471815,112,4,0.013170163125678381,402,0.6160515984618152,0.5564459411139505,73,0.0011667615688724868,1.1801791146136262
87,0.5637733306220302,121,4,0.016481580662668572,502,0.6502117368780381,0.48151451740765766,64,0.0033951760083109394,2.7393144121069546
88,0.5648671353831177,103,4,0.013827454750452139,368,0.6344357608408522,0.5188473628360131,65,0.002585473776331977,1.3151430130147297
89,0.5643302152783265,114,4,0.010778215517179172,437,0.6136617483729295,0.4393994393686842,66,0.0023023285354832343,3.0735856074666916
90,0.564092966862777,116,5,0.012390633410618388,483,0.6329274790868227,0.5052136389381839,62,0.009662314388345977,1.651168673492512
91,0.5652623692856809,107,4,0.013326530693906283,420,0.6242246401813394,0.5072339291391296,69,0.0020417139863507404,3.5738415359039917
92,0.565739148681008,109,4,0.012973653556504032,391,0.6456204924194571,0.5770646010785927,69,0.002038547625447622,4.432843324750762
93,0.5657520027385415,129,4,0.012812943560289647,444,0.6161723122658042,0.5281499007314677,69,0.0037560980481923223,3.5102602844259434
94,0.562435452139937,113,3,0.011966029816980054,378,0.6294401998227129,0.5579397604566484,75,0.0018429434687358757,3.412531258932716
95,0.5622845107422064,114,3,0.014370612708970805,422,0.6014653101130747,0.5812724139607442,71,0.0015138506887741794,2.9905451015251603
96,0.5653373622357442,138,4,0.012854646840897935,492,0.6144501684819716,0.5253428048708977,75,0.0021253913652100028,2.674727785831691
97,0.5648377908944772,106,4,0.014998612061320492,438,0.647532038109001,0.6164699254714371,64,0.0016196056710892533,3.087568349221276
98,0.5645286737134393,113,4,0.014405753435668934,417,0.6118659574959003,0.5356655927983582,62,0.0037491290067826065,1.351715560148105
99,0.5652366691448529,128,4,0.013692383585645004,402,0.6246622670313025,0.5350636929572828,76,0.00171513655295473,3.7725231994635093
